LSite Id,LSite Name,SSGroup Id,Eas Id,LU,Implementation,Fems Id,Server Id,Eas Capability,Server Capability
4,SITOD2008,1,400002RNIG1T,XS2RNIG1,CICSMQ,FSSITODMF801,ZSITOD200801,E2E-EXT,PG
9,SITOG2008,2,83100DEPIN4T,DEPIN4T,JAVAMQ,FVSITOGMF111,GSITOG201603,E2E-EXT,PG
1,SITOA2008,13,22220SMARTIT,SIS22220,JAVAMQ,FSSITOAMF201,GSITOG200803,E2E-EXT,PG
2,SITOB2008,12,12930ACTATST,ACTATSTT,JAVAMQ,FSSITOBMF111,KSITOB200807,E2E-EXT,E2E-EXT
3,SITOC2008,14,31000SMARTIT,SIS31000,JAVAMQ,FVSITOCMF131,GSITOG201607,E2E-EXT,PG
12,SITOL2016,2,55100ITPSM1T,ITPSM1T,JAVAMQ,FVSITOLMF115,USITOL201615,E2E-EXT,PG
3,SITOC2008,21,31010SMARTIT,SIS31010,JAVAMQ,FVSITOCMF201,USITOC200821,E2E-EXT,PG
1,SITOA2008,1,10000XRNIG2T,XS2RNIG2,CICSMQ,FVSITOAMF114,USITOB200833,ZLIB,PG
3,SITOC2008,11,30001XRNIG3T,XS2RNIG3,CICSMQ,FSSITOCMF816,ZSITOC200816,SYNC,PG
1,SITOA2008,3,88504FMSIM2T,FEMSIM2T,FEI,ISSITOAMF804,KSITOA200804,SYNC,E2E-EXT
2,SITOB2008,4,20001XRNIG8T,XS2RNIG8,CICSMQ,FSSITOBMF802,KSITOG200802,SYNC,PG
2,SITOB2008,4,20001XRNIG8T,XS2RNIG8,CICSMQ,FVSITOBMF863,USITOC200812,SYNC,PG
4,SITOD2008,2,400012RNIG4T,XS2RNIG4,CICSMQ,FSSITODMF162,ZSITOL201602,E2E-EXT,PG
12,SITOL2016,1,55000ITPGW1T,ITPGW1T,JAVAMQ,FSSITOLMF151,ZSITOLLABB01,E2E-EXT,PG
100,SITOH2008,1,11111SMARTIT,SIS11111,JAVAMQ,FSSITOHMF101,ZSITOE200801,E2E-EXT,PG
4,SITOD2008,10,43500DEPIN3D,DEPIN3D,JAVAMQ,FVSITODMF435,GSITOG201603,E2E-EXT,PG
1,SITOA2008,8,J8503SMARTIT,SISJ8503,JAVAMQ,FSSITOAMF503,KSITOA200803,E2E-EXT,PG
1,SITOA2008,1,10000XRNIG2T,XS2RNIG2,CICSMQ,FSSITOAMF151,HSITOG201605,ZLIB,PG
2,SITOB2008,8,03268FMSIM4T,FEMSIM4T,FEI,ISSITOBMF160,KSITOB200816,ZLIB,SYNC
3,SITOC2008,11,30001XRNIG3T,XS2RNIG3,CICSMQ,FSSITOCMF802,ZSITOL201601,SYNC,PG
3,SITOC2008,4,300003RNIG1T,XB3RNIG1,CICSMQ,FVSITOCMF114,USITOC200811,SYNC,PG
2,SITOB2008,7,03268FMSIM3T,FEMSIM3T,FEI,ISSITOBMF116,KSITOB200816,SYNC,SYNC
4,SITOD2008,2,400012RNIG4T,XS2RNIG4,CICSMQ,FVSITODMF113,USITOG200813,E2E-EXT,PG
4,SITOD2008,8,41500DEPIN1D,DEPIN1D,JAVAMQ,FVSITODMF415,GSITOG201603,E2E-EXT,PG
3,SITOC2008,20,37500DEPGW2C,DEPGW2C,JAVAMQ,FVSITOCMF375,USITOC200821,E2E-EXT,PG
3,SITOC2008,20,37500DEPGW2C,DEPGW2C,JAVAMQ,FVSITOCMF475,USITOC200820,E2E-EXT,PG
12,SITOL2016,1,55000ITPGW1T,ITPGW1T,JAVAMQ,FVSITOLMF111,USITOL201611,E2E-EXT,PG
4,SITOD2008,4,41000SMARTIT,SIS41000,JAVAMQ,FSSITODMF202,GSITOG200803,E2E-EXT,PG
2,SITOB2008,11,12431DEPISVT,DEPGISVT,JAVAMQ,FSSITOBMF110,KSITOB200807,E2E-EXT,E2E-EXT
1,SITOA2008,12,22222SMARTIT,SIS22222,JAVAMQ,FVSITOAMF136,GSITOG200803,E2E-EXT,PG
9,SITOG2008,1,55555SMARTIT,SIS55555,JAVAMQ,FSSITOGMF807,GSITOG201601,E2E-EXT,PG
1,SITOA2008,11,22210SMARTIT,SIS22210,JAVAMQ,FSSITOAMF604,GSITOG201601,E2E-EXT,PG
100,SITOH2008,3,11110SMARTIT,SIS11110,JAVAMQ,FSSITOHMF300,ZSITOL201601,E2E-EXT,PG
1,SITOA2008,1,10000XRNIG2T,XS2RNIG2,CICSMQ,FSSITOAMF101,ZSITOL201601,ZLIB,PG
1,SITOA2008,37,10001XRNIG5T,CXS2AU05,CICSMQ,FSSITOAMF815,GSITOG200803,ZLIB,PG
2,SITOB2008,4,20001XRNIG8T,XS2RNIG8,CICSMQ,FSSITOBMF101,USITOG200814,SYNC,PG
4,SITOD2008,1,400002RNIG1T,XS2RNIG1,CICSMQ,FSSITODMF851,USITOD200810,E2E-EXT,E2E-EXT
4,SITOD2008,4,41000SMARTIT,SIS41000,JAVAMQ,FSSITODMF201,USITOG200814,E2E-EXT,PG
4,SITOD2008,4,41000SMARTIT,SIS41000,JAVAMQ,FVSITODMF141,KSITOG200802,E2E-EXT,PG
1,SITOA2008,12,22222SMARTIT,SIS22222,JAVAMQ,FSSITOAMF120,HSITOG201605,E2E-EXT,PG
3,SITOC2008,21,31010SMARTIT,SIS31010,JAVAMQ,FVSITOCMF200,USITOB200834,E2E-EXT,PG
4,SITOD2008,1,400002RNIG1T,XS2RNIG1,CICSMQ,FVSITODMF804,HSITOG201605,E2E-EXT,PG
2,SITOB2008,2,20000XRNIG3T,XS1RNIG3,CICSMQ,FVSITOBMF804,USITOB200833,E2E-EXT,PG
9,SITOG2008,2,83100DEPIN4T,DEPIN4T,JAVAMQ,FVSITOGMF251,USITOC200820,E2E-EXT,PG
9,SITOG2008,1,55555SMARTIT,SIS55555,JAVAMQ,FSSITOGMF106,GSITOG200806,E2E-EXT,PG
1,SITOA2008,11,22210SMARTIT,SIS22210,JAVAMQ,FSSITOAMF131,USITOD200811,E2E-EXT,E2E-EXT
2,SITOB2008,13,12431SISISVT,1SISISVT,JAVAMQ,FSSITOBMF112,KSITOB200807,E2E-EXT,E2E-EXT
2,SITOB2008,5,03595FMSIM1T,FEMSIM1T,FEI,ISSITOBMF115,KSITOB200802,SYNC,SYNC
4,SITOD2008,2,400012RNIG4T,XS2RNIG4,CICSMQ,FSSITODMF852,ZSITOD200801,E2E-EXT,PG
4,SITOD2008,9,44500DEPIN2D,DEPIN2D,JAVAMQ,FVSITODMF445,HSITOG201610,E2E-EXT,PG
3,SITOC2008,23,83400DEPGW4T,DEPGW4T,JAVAMQ,FVSITOCMF211,GSITOG201603,E2E-EXT,PG
2,SITOB2008,12,99998ISVSIS1,ISVSIS1T,JAVAMQ,FSSITOBMF111,KSITOB200807,E2E-EXT,E2E-EXT
12,SITOL2016,2,55100ITPSM1T,ITPSM1T,JAVAMQ,FVSITOLMF116,USITOL201616,E2E-EXT,PG
1,SITOA2008,12,22222SMARTIT,SIS22222,JAVAMQ,FVSITOAMF130,ZSITOD200801,E2E-EXT,PG
1,SITOA2008,37,10001XRNIG5T,CXS2AU05,CICSMQ,FSSITOAMF865,KSITOA200803,ZLIB,PG
3,SITOC2008,11,30001XRNIG3T,XS2RNIG3,CICSMQ,FSSITOCMF866,ZSITOC200813,SYNC,E2E-EXT
3,SITOC2008,4,300003RNIG1T,XB3RNIG1,CICSMQ,FSSITOCMF813,USITOG200814,SYNC,PG
2,SITOB2008,6,03595FMSIM2T,FEMSIM2T,FEI,ISSITOBMF150,KSITOB200802,SYNC,SYNC
2,SITOB2008,2,20000XRNIG3T,XS1RNIG3,CICSMQ,FVSITOBMF864,USITOB200834,E2E-EXT,PG
1,SITOA2008,11,22210SMARTIT,SIS22210,JAVAMQ,FSSITOAMF132,USITOD200810,E2E-EXT,E2E-EXT
2,SITOB2008,13,99999SISISVT,SISISVTT,JAVAMQ,FSSITOBMF112,KSITOB200807,E2E-EXT,E2E-EXT
1,SITOA2008,9,J8504SMARTIT,SISJ8504,JAVAMQ,FSSITOAMF504,GSITOG201601,E2E-EXT,PG
1,SITOA2008,4,16000JEAS01A,JEAS01A,JAVAMQ,FSSITOAMF103,KSITOA200803,ZLIB,PG
3,SITOC2008,4,300003RNIG1T,XB3RNIG1,CICSMQ,FSSITOCMF863,ZSITOC200816,SYNC,PG
3,SITOC2008,19,31500DEPGW1C,DEPGW1C,JAVAMQ,FVSITOCMF315,USITOC200820,E2E-EXT,PG
12,SITOL2016,1,55000ITPGW1T,ITPGW1T,JAVAMQ,FSSITOLMF150,ZSITOLLABA01,E2E-EXT,PG
12,SITOL2016,1,55000ITPGW1T,ITPGW1T,JAVAMQ,FSSITOLMF152,ZSITOLLABB02,E2E-EXT,PG
12,SITOL2016,1,55000ITPGW1T,ITPGW1T,JAVAMQ,FVSITOLMF110,USITOL201610,E2E-EXT,PG
1,SITOA2008,13,22220SMARTIT,SIS22220,JAVAMQ,FSSITOAMF220,ZSITOL201601,E2E-EXT,PG
100,SITOH2008,3,11110SMARTIT,SIS11110,JAVAMQ,FSSITOHMF200,ZSITOE200802,E2E-EXT,PG
9,SITOG2008,3,T0001SMARTIT,SMARTIT,JAVAMQ,FSSITOGMF604,GSITOG201604,E2E-EXT,PG
1,SITOA2008,1,10000XRNIG2T,XS2RNIG2,CICSMQ,FSSITOAMF172,KSITOA200803,ZLIB,PG
1,SITOA2008,1,10000XRNIG2T,XS2RNIG2,CICSMQ,FVSITOAMF118,GSITOG200803,ZLIB,PG
2,SITOB2008,4,20001XRNIG8T,XS2RNIG8,CICSMQ,FVSITOBMF833,USITOB200833,SYNC,PG
